name,length,dynamic_fraction,bal_acc_320K_all,bal_acc_320K_triu,freq_rmse_320K,bal_acc_348K_all,bal_acc_348K_triu,freq_rmse_348K,bal_acc_379K_all,bal_acc_379K_triu,freq_rmse_379K,bal_acc_413K_all,bal_acc_413K_triu,freq_rmse_413K,bal_acc_450K_all,bal_acc_450K_triu,freq_rmse_450K
6o2v_A,135,0.051138545953360766,0.8920896073208316,0.8914094052399637,0.12187187174638553,0.8611771142606761,0.8601101752107527,0.12163983172510041,0.7956976811426588,0.7940902203053969,0.1256337197736459,0.6443647718730122,0.6415666161557291,0.13529056950025894,0.5184756838026947,0.5149201538640867,0.1722225304046566
7ead_A,135,0.0555281207133059,0.8967315240411409,0.8964073002411165,0.09540516524122802,0.8884346994837297,0.8878808554287304,0.09586076892720319,0.8696873789435275,0.8687197591890636,0.09809803814964223,0.7298843897054552,0.7277784283873989,0.10467897408380394,0.5194329866961018,0.5156341491977984,0.1474696605301587
6uof_A,119,0.03926276392910105,0.9347501050978402,0.9343542517313452,0.09861064293746091,0.9161450112236562,0.9155215053820802,0.09945109854624576,0.8664874054449936,0.8653781112734016,0.10348077113192276,0.7291069459757442,0.7267536704730833,0.11957413313340239,0.5214994487320838,0.5172771763310099,0.17661737526600504
6lus_A,133,0.0613940867205608,0.7862010781738729,0.7852925291925382,0.09336496148265865,0.7495272826173884,0.748010278188704,0.0958769642993143,0.6688529187019275,0.6662829118403795,0.10020419669208269,0.5259892790459555,0.5221615057680632,0.11309644438343638,0.5198156959585617,0.5159684274438373,0.14624589840712227
6qj0_A,412,0.015387878216608539,0.9591524964595939,0.9591253494134557,0.05643165497782445,0.9673168073696891,0.967276722597314,0.05781266367060236,0.9627848144458466,0.9627032550196495,0.062033808621234185,0.9233002284573997,0.9231116333737982,0.07017945872685817,0.591227293396836,0.5902171305182342,0.09294306868856791
6j56_A,129,0.04567033231176011,0.6552053264576339,0.6532436983774825,0.15907289203630917,0.5759263800834497,0.5726905188313598,0.16028626204616947,0.5310814147326001,0.5272520114404854,0.1624193648714253,0.5201183804546313,0.5161884205180295,0.16712830814364227,0.5199924438007683,0.516124936515998,0.17438655925964963
7ec1_A,505,0.011920399960788157,0.9576377901566823,0.9576187914912141,0.051828120154871635,0.9693271738188258,0.9692939901048948,0.051990515200021695,0.9634327518450869,0.9633679145772814,0.05355013358294524,0.9151755064785603,0.915007157626849,0.05807214612620232,0.571875310038296,0.5710275170987753,0.08201716713540434
6xds_A,492,0.01754081565205896,0.8966527845937611,0.8966274873929105,0.055190374382526323,0.9199280456105624,0.9198880164078382,0.054565490459062324,0.9316986690824227,0.931620545886688,0.05497342638180277,0.8880170161987773,0.8877903890627474,0.05728657560161796,0.5962374588971399,0.5954046332892309,0.08035510721251689
6xrx_A,554,0.014694574411239558,0.8910590134380216,0.8910210927585458,0.0505683291873851,0.8909426224297541,0.8908482719817494,0.050941064854053454,0.8737157252346894,0.8735315640360368,0.052810967505518995,0.730607985156385,0.730117251334724,0.058155919143730764,0.5467781723907594,0.5459463578177385,0.07831131859902644
6q9c_B,418,0.016460245873491906,0.9506046283486671,0.950572732825743,0.06335759822036217,0.9598474731591569,0.9597982673278371,0.06353838627964514,0.9563959035118463,0.9562989090297219,0.06562194406418398,0.9101327634428562,0.9099153346183868,0.0696687875976026,0.6826148689539593,0.6818409846584612,0.0947921617986759
6rrv_A,127,0.045136090272180546,0.8926020573803186,0.8920060233075815,0.09349356061532596,0.8761264788714305,0.8751536044157493,0.0947594111290529,0.8124147782611519,0.8108550477936363,0.0994948686520668,0.6317771573274462,0.6287154641875081,0.11546588121779407,0.520290890201935,0.5163022129108289,0.15684102793378232
7lao_A,271,0.025517081739083073,0.9522611741944644,0.9521709902971591,0.0746281175856264,0.9526268113740288,0.9524933944423262,0.07488086856332432,0.9383182350981599,0.9380878359541606,0.07672703656075476,0.8734865310217699,0.8730076747095759,0.08261098148815074,0.5856609890033115,0.5840860637342908,0.11392609009043468
6l4l_A,281,0.023707906434822255,0.9568444129900693,0.9567822907514085,0.06587161039297372,0.9571023011697103,0.9570098534073641,0.06590364388312416,0.9482655079659841,0.9480996904702769,0.06772251699322825,0.9034056734069058,0.9030561942888784,0.07174856845265092,0.6061694924048827,0.6047286740964483,0.10152572213945094
7asg_A,594,0.010140688591867043,0.9727543985519524,0.9727623800296388,0.04983401910564365,0.9724662991603046,0.9724509012038183,0.05077189682054556,0.9576299951217191,0.9575659285411963,0.05387591584403458,0.8960854153662908,0.8959169859807723,0.06148229061992883,0.5327723344919801,0.5319763439873345,0.0831757688758361
6kty_A,196,0.03628696376509788,0.9468556328560931,0.9466720498219514,0.08611187677072003,0.9382190216573696,0.9379398374347361,0.08724552883892563,0.9076495056993139,0.9071579862053983,0.09155921233740752,0.8077359407919615,0.8067126486721339,0.10301502309962952,0.5136135270919994,0.5110248194210613,0.14312603269770574
6vjg_A,110,0.06380165289256198,0.919718392318726,0.919109000431394,0.10204187812159334,0.8877658367729282,0.8867669188212505,0.10282056393708662,0.8251812190802377,0.8234924071879298,0.10589628329127794,0.6482168079096045,0.6447673382064539,0.11529905765527641,0.5235699152542372,0.5188981993225174,0.16198374759189793
6sms_A,724,0.008478068435029455,0.9458730367737889,0.9458458718505799,0.06014497016633253,0.9486604250228998,0.9486158032613792,0.0606921887114416,0.9375301300303889,0.937452089589007,0.06197622752695552,0.8445999038152758,0.8443847166947411,0.06514186548963216,0.5232629509054667,0.5225988809421049,0.07838406972618449
6l3r_E,669,0.007654822471126841,0.9699030506908123,0.9698969966268656,0.04767781120218533,0.9752547371790621,0.9752392835032979,0.04798597238824346,0.9736502054003435,0.9736159856449367,0.049613516488027906,0.9465215832968539,0.9464413476320659,0.05278665217604864,0.7299379693111329,0.729530561531211,0.07428077959940013
7qsu_A,374,0.016629014269781806,0.949113690542609,0.9490807034975146,0.05830261967514659,0.9597559427307447,0.9597015684666117,0.05875414965383348,0.9532834710617228,0.9531714684428476,0.06147652520550877,0.8988985823336968,0.898626581909372,0.06789055569045524,0.6133478735005453,0.6122936956902082,0.09956510333333479
7p46_A,282,0.0388561943564207,0.8519142728887744,0.851852452478793,0.06070767260677237,0.8736524512168757,0.8735464941348778,0.0606173542297114,0.881782645907339,0.8815725727900356,0.06194128228661313,0.8437440411182844,0.843227724418307,0.0666853214593407,0.537300154381558,0.5355867212942536,0.09572065200695334
7e2s_A,233,0.022140765164213747,0.9443563695258406,0.944265108032821,0.07595109743067611,0.9482082232954056,0.948078929260254,0.07662994810364425,0.9398504548791553,0.9396109661204031,0.0785000644023981,0.8806236721832341,0.8801047521924428,0.08136989338103144,0.5398873547196112,0.5378590078328982,0.10557470488697215
6pxz_B,104,0.045118343195266274,0.9142328351386014,0.9136874983965726,0.10457314480030497,0.8898807634188772,0.8890251802252495,0.1075820137281574,0.8250712689362675,0.8233616177941969,0.11489505202253873,0.6031177381874516,0.5991784037558685,0.13739396025342762,0.5243512780790085,0.5196596244131455,0.19912131298597127
6ovk_R,219,0.028314672337941243,0.8808206422077349,0.8807412133888024,0.08076070064758004,0.8888826299115358,0.8887786835234942,0.08011618813256963,0.9027582876032082,0.902570353344127,0.08050910771893251,0.8999737923538458,0.8996058261926692,0.0826104925853403,0.6330708323498487,0.6313383925491549,0.11106781727852602
6ndw_B,178,0.03755838909228633,0.9296704738168633,0.9293414133036775,0.10526816957528716,0.9106873207733936,0.9101826586288295,0.10765275723889148,0.8572506066767234,0.8564124554690593,0.11325050207564209,0.689840624385125,0.6880195276421691,0.12518022932673653,0.5144290680133797,0.5115780445969125,0.1560278923954747
6pce_B,70,0.06612244897959184,0.887213480963481,0.8858928835626572,0.09694394989715609,0.8500334542001209,0.8477996416300899,0.09944466954845334,0.7312062937062938,0.7270306258322237,0.10854814035372352,0.5397727272727273,0.5326231691078562,0.14354511977739318,0.5362762237762237,0.5290723479804705,0.2120765009523429
7p41_D,448,0.01313376913265306,0.9522241529962441,0.9521889467976968,0.058718610338057184,0.9602733191706238,0.9602176599562103,0.05921183616090002,0.9522192497890778,0.9521160919647907,0.06079440657062919,0.876486863097522,0.8762068616536788,0.06521643256605296,0.5351646909142315,0.5341109199473737,0.08885688628421531
6h86_A,88,0.0431301652892562,0.8651821862348178,0.863561868341983,0.07149877653659405,0.7379217273954116,0.7347719202403715,0.08260688348407734,0.6137651821862348,0.6091231903851406,0.09929552634587754,0.5298245614035088,0.5241737230264955,0.1381102384394473,0.5288124156545209,0.5233542747883092,0.18998802489611408
7jfl_C,47,0.16478044363965597,0.6720122695732452,0.6635822464521018,0.12858677688264167,0.5701524762500372,0.5589880086543045,0.1388385537149504,0.562059620596206,0.5506117908787542,0.15158025237734885,0.5609756097560976,0.5494994438264739,0.18932693517964402,0.5593495934959349,0.5478309232480534,0.2530859447853644
6iah_A,240,0.021597222222222223,0.9629898721471837,0.9628969069353124,0.07330325888983874,0.9615991951943537,0.9614590264218423,0.07375084383278434,0.9357795265239649,0.9355186168109741,0.07620059220115176,0.8663230179572716,0.8657602109915176,0.08397285420288718,0.538026119667826,0.5360503243281773,0.11871633601784463
6y2x_A,235,0.03755545495699412,0.9097485073140086,0.9096581849889562,0.07393485243589688,0.922297505513077,0.9221537083609816,0.07323012802433954,0.921192440808412,0.9209131183915295,0.07494626216645035,0.8505014016669489,0.8498374782674427,0.07978077559191953,0.5151925645801584,0.5130395343563383,0.11087054281585305
7nmq_A,365,0.018419966222555827,0.9563411417597385,0.9562793927974749,0.06195119778774785,0.960024179087033,0.9599286691387656,0.06331878536478494,0.9316591599054836,0.9314678772449121,0.06653554206836693,0.8386836531035169,0.8382359707375427,0.07496249987817825,0.5119980729672481,0.5106360136803522,0.10019251849061679
6xb3_H,241,0.02920059916323755,0.7677100953518683,0.7672242400942052,0.11914664590739928,0.7511104585891136,0.7502648176925104,0.11962347282318452,0.68873509656489,0.6874470700678041,0.12117412805881006,0.5400372439478585,0.538062838415503,0.12380234713318099,0.5106322603529307,0.5085316329438586,0.13389122612876028
6jwh_A,473,0.01688650107943092,0.9465390228078592,0.9464779999125024,0.05881135965411698,0.9358444865044404,0.9357324642239948,0.05992134601421952,0.9097543235236047,0.9095666791001977,0.06220966284514496,0.8085826488728098,0.8081712636312472,0.0666389635865118,0.5525958054293911,0.5516315986112503,0.0828779405130962
6l4p_B,145,0.0756242568370987,0.909123137437645,0.9088040533270734,0.090569453063976,0.9053809424415848,0.9048162602580279,0.09090653130845584,0.8561068745520062,0.8550583448262371,0.0945458063212937,0.6615899151016208,0.6590461378952825,0.1034995179833132,0.5184203756110111,0.5148263348885432,0.13633479634801135
6jpt_A,122,0.05818328406342381,0.9271876442594262,0.9266396297936104,0.09702280531209195,0.8942254053432456,0.8933373087575005,0.09881815265984209,0.8314310172635183,0.829951065054692,0.10340279822849885,0.6633613924953631,0.6604058721934369,0.11660272751582842,0.5210087030960194,0.5168393782383419,0.16695386914374685
7a66_B,86,0.08599242833964305,0.8703072085147556,0.8691425281247231,0.10898278969825655,0.8303756838227085,0.8283722810568752,0.11162165480082797,0.7221512039001153,0.7186114142367923,0.11837571502987357,0.5525887573964497,0.5468984117470782,0.13813674887113453,0.5304733727810651,0.5244231345519929,0.20016382292306142
6okd_C,51,0.08842752787389466,0.8361450864614086,0.8327586206896551,0.13384632686847808,0.7593842260649515,0.7543103448275862,0.13959837203667777,0.645297342893294,0.6375,0.1583067716948493,0.5480809784900885,0.5383620689655172,0.20106448965589072,0.5476592155208773,0.5379310344827586,0.2565490558254953
6in7_A,81,0.16125590611187318,0.7970785483223277,0.7948660466809239,0.09285195964894709,0.7256737775270887,0.7217591427210712,0.095959504781879,0.6263856078502634,0.6208041313168573,0.10224783902068124,0.5364346719970925,0.5295094061232017,0.13084675191682787,0.5356169362166091,0.5287716709701217,0.18234459143453974
7onn_A,410,0.017441998810232003,0.9458897709706362,0.9458578149933474,0.06225699349846607,0.9591932374878068,0.9591451603904337,0.06242588487935257,0.9612697705186593,0.9611835752588438,0.06436865255646455,0.9234496648432968,0.9232608669407014,0.06860480711608934,0.6931548483967839,0.6923912647640782,0.09581498470778545
6ono_C,76,0.14993074792243768,0.883738235114274,0.8829633437515826,0.12551234874902162,0.8834917663438427,0.8819868120444007,0.12665130428077903,0.8008127825101246,0.7977356312723292,0.12945944524884467,0.5706720977596741,0.5639222176251552,0.14078642722572646,0.5372708757637474,0.5299958626396359,0.19407202839512624
6d7y_A,96,0.0744357638888889,0.9033037230970097,0.9025017439476892,0.10879306237744261,0.8755136219619317,0.8741298409671806,0.11008240586723436,0.768413317428797,0.7657938747164572,0.11573520683538956,0.5623681125439625,0.5573867678444392,0.13358164685292645,0.5274325908558031,0.5220535926013754,0.1865709651305382
6odd_B,74,0.0723155588020453,0.9306470213950528,0.9297711433148907,0.09368696958915687,0.8939314403881333,0.8924008361683151,0.09744930438243132,0.7990157480314961,0.7960447463044347,0.10537235507829129,0.5698818897637795,0.5635237714742309,0.1313134157941739,0.5356299212598425,0.5287654814222933,0.20609109501276382
6p5x_B,457,0.023347011477191655,0.8005890950026694,0.8005760494251823,0.05128291679524975,0.8249534009767181,0.8249338160970983,0.05090693691977741,0.8634635184930759,0.8634208038596163,0.0514875200222453,0.881200340792101,0.8810790994884177,0.05384124168632075,0.5923929920078574,0.5914809244942331,0.07416362632919606
6tgk_C,105,0.14857142857142858,0.692487974367169,0.6920203979027508,0.14324992348342233,0.717416066409355,0.716691804927099,0.1403230480945402,0.7269382370053511,0.7255620196796667,0.1358083233487428,0.6539076136391573,0.6506140917905623,0.1294936863519187,0.5272184936614467,0.521870286576169,0.13900637088339504
7dmn_A,377,0.02266954667942503,0.9327125753974866,0.9326553086919618,0.06890867627119765,0.9511564273024384,0.9510665795051284,0.06865629791207067,0.9389062861733557,0.93875015946233,0.06930885385159365,0.873994831074028,0.8736519165523713,0.07219676280415192,0.5824184526337766,0.5812820327726846,0.09490032034298722
7lp1_A,39,0.18014464168310323,0.8471923858135437,0.8423768550297288,0.1271247884570176,0.731355252606255,0.722682119205298,0.13179827822049126,0.6335204490777867,0.6216887417218543,0.13863457789373726,0.5733761026463513,0.5596026490066225,0.1595042521571631,0.5725741780272654,0.5587748344370861,0.2370400470354466
6l34_A,68,0.05103806228373702,0.858450628061122,0.8570229127432518,0.11333895212261043,0.8194652596449485,0.816756905210295,0.1166601155194114,0.7010027347310848,0.6962962962962963,0.12916369309258868,0.5398814949863263,0.5328703703703703,0.17080693243029074,0.5363491340018232,0.5293981481481481,0.22823518704361892
7ned_A,546,0.013357216653919951,0.8537183841870205,0.8536504331072725,0.07606388134141671,0.8628639781530708,0.8627504523657,0.07607964822352194,0.8630358163135854,0.8628478838725926,0.07658798379309725,0.7772362570855023,0.7768275768965577,0.07775191539002513,0.527603065269571,0.5267245255255665,0.08841053170608525
7s86_A,99,0.13855729007244158,0.7882140253701639,0.7868719791244527,0.09892805126784614,0.7716464580901783,0.769539937333821,0.10060454751006599,0.7222706472948546,0.7190103883523935,0.10541438006956756,0.5717162146156579,0.5666347075743049,0.12054213386146526,0.5281890323344782,0.5227708533077661,0.17475196854926855
6l8s_A,650,0.010674556213017751,0.960756155965284,0.96074336068036,0.04685563325284629,0.9719821960751986,0.971958933875053,0.046455068338114455,0.9711313498041971,0.9710898407685375,0.04741538030696705,0.9375279774407657,0.9374310236608859,0.050960189264467354,0.6829266250388766,0.6824339866775291,0.0712359174896669
7bwf_B,92,0.14272211720226843,0.8048812766050658,0.8036299969309387,0.08707370088648957,0.7939179815562549,0.7918030180335083,0.09138307388527704,0.7448843432610235,0.7417995052525319,0.09985199763061439,0.5848952590959207,0.5795644891122278,0.12651734110463977,0.5292171995589857,0.5231714126186489,0.18401571777310308
7aex_A,275,0.03252892561983471,0.9111611520680232,0.9110345581436332,0.06806670930586345,0.9215794126095433,0.9213510278881085,0.06866116304430395,0.8834627045785253,0.8830322336698466,0.0711477549290155,0.724882115765735,0.7238441487172451,0.0767922828179298,0.5115834073669104,0.5097407051721773,0.10172804379123136
6d7y_B,155,0.03188345473465141,0.9256395542218028,0.9252019927601745,0.10372532951704443,0.8959346094389247,0.8952714889377491,0.10610696528654066,0.834128724364762,0.8330159279778393,0.11064574408612642,0.6700202072316093,0.6678064404432134,0.122214162539757,0.5164882411109678,0.513244459833795,0.16017865913533447
6e7e_A,169,0.03844403207170617,0.932442504029432,0.9321820965075293,0.08082814942228421,0.9162834884252613,0.9158158821911259,0.08282635681421088,0.8452823129407362,0.8443299654320632,0.08625671108918576,0.665986964279212,0.6639188099948706,0.1001811065742317,0.5152022721479809,0.5122004836227743,0.1384303134159528
7k7p_B,118,0.06535478310830221,0.5969946144220003,0.5943326834455867,0.18429250215505324,0.5433816836306463,0.539485111662531,0.18438068552705136,0.5284846243352468,0.5241802552286423,0.18551711560483683,0.5224373751344705,0.518067617866005,0.18821903083759983,0.5223605348086676,0.5179900744416873,0.1926011421479205
7buy_A,306,0.022469990174719127,0.8688818587660921,0.8686595647345218,0.08314158954327104,0.8498863619180992,0.8494728109748579,0.08343357488024654,0.8055428349436354,0.8049128854683296,0.08476441858358146,0.6677883144692567,0.6666739745248065,0.08837216471017251,0.5165515885154919,0.5149299541797294,0.10787028573934812
6yhu_B,117,0.054788516326977864,0.6583117706159672,0.655826548120418,0.16999125665935,0.5703674163382023,0.5665443768522851,0.1708110161196476,0.5275523610789087,0.523241304008735,0.1724759312926061,0.5223742174820311,0.518015910154422,0.17689154277487687,0.5223355746193679,0.518015910154422,0.1873703121282236
6h49_A,157,0.039027952452432145,0.9317251398983994,0.9313389462560733,0.08672702004009927,0.899898116873673,0.8992648832427839,0.0874155103629201,0.8461181238654114,0.8450913727156821,0.09073967181162643,0.7031705154726221,0.7011899702507437,0.10192941165535743,0.5163591843627306,0.5131746706332342,0.1381616993941078
7aqx_A,364,0.027608380630358653,0.9340309717635833,0.9339819321514873,0.06724921873823975,0.948675434256103,0.9485950796630094,0.06716927587733912,0.9428647073932517,0.9427175445752489,0.06804712967759469,0.8865828267168085,0.8862630356678849,0.07237067913252011,0.5261103090703053,0.5247676572691751,0.09587248137805976
7c45_A,302,0.06881277136967677,0.7081614335157005,0.7080786548429783,0.07183698491989816,0.7324506691200026,0.7323072981396328,0.07156168476723951,0.7556039745795397,0.7553601346618708,0.07301722122817413,0.8054987259031067,0.805000793277848,0.07560233280015813,0.5764294461190655,0.5749178739394513,0.09357692361122055
6gus_A,155,0.05369406867845994,0.8601802363940446,0.8596195439471028,0.09918266488160046,0.8497593608870658,0.8488876758605064,0.10073220756164826,0.7966792995807781,0.7953048935395939,0.10344193395515792,0.6453045964372114,0.6428697962798937,0.10957496175385141,0.5166043545194634,0.5134189548272807,0.14466071460000174
6q9c_A,155,0.0386264308012487,0.9317947229301313,0.9315741682924557,0.0829576397921486,0.9284706608411601,0.9281111626320045,0.08398422722916438,0.8901492375483904,0.8894580298443752,0.08947533323635988,0.7642599035103828,0.7626744842316004,0.10158184233853725,0.5165172966186085,0.5132508063813094,0.14684417836221492
7n0j_E,101,0.054308401137143414,0.9283037804910451,0.9276216019562507,0.10103849707847469,0.8926699121591456,0.891553420602199,0.1028116389520215,0.8212915932414222,0.8194007961449822,0.1095807674864221,0.6287965170519332,0.6248690551016133,0.12556122382470367,0.5249818596454856,0.5202178923109155,0.1803323169120936
6o6y_A,440,0.015196280991735537,0.9270566894816641,0.9270326309705736,0.053569622012061655,0.9495360120301541,0.9494986928268692,0.05373217598342957,0.9599862322303911,0.9599141173590238,0.05480757017025411,0.9301869487599919,0.930027820453657,0.05850451995389025,0.6605492557354006,0.6597640601835788,0.08413004816650153
6zsl_B,603,0.011952399418056208,0.8748031473581034,0.8747508885979922,0.060546312260571306,0.87866038821187,0.8785519444737915,0.060893132636880315,0.8565939184396572,0.8564000919308766,0.0618689899548392,0.6931296426033632,0.6926154952849114,0.06482706670787083,0.5355825676454297,0.5348017621145374,0.07942847494429676
7rm7_A,228,0.04428285626346568,0.8605347210692673,0.860438490488155,0.07864625012501966,0.8854628381773064,0.885311300531254,0.07860859661069834,0.8924890365277466,0.8922216881148396,0.08002357192738362,0.8767747933328602,0.8762207019154817,0.08338297713806281,0.6133408477919569,0.6115582157156145,0.11628199122962526
6ypi_A,97,0.06440641938569455,0.903818605193474,0.9028756769543254,0.08523394649866575,0.8532318527774623,0.8515966000459454,0.08846745217842017,0.7316823810064751,0.7286928555019527,0.09620949601876852,0.5423151198455072,0.5372157133011716,0.11778763420585543,0.5270930364648415,0.521938892717666,0.1794556056707701
6ro6_A,58,0.12366230677764566,0.8443468844588247,0.8417054830982167,0.11271752178324708,0.7743646279094041,0.7699327921213734,0.115728186722111,0.6394165535956581,0.6321799307958478,0.12424098501368772,0.5464721845318861,0.5373702422145329,0.15315647255771764,0.5468113975576662,0.5377162629757786,0.22213933243665918
7mf4_A,554,0.012791773644906098,0.9552641732374348,0.9552511076521542,0.05128299159213927,0.9692590852484552,0.9692361953692006,0.05118205399912218,0.9685392129389582,0.9684907018248365,0.05236076528531716,0.9394380169577328,0.93932919979291,0.05555366993679247,0.7316891646588997,0.7311993281223135,0.07787564363068537
7jrq_A,131,0.05442573276615582,0.9092130927793831,0.9088053318206394,0.09385854678467664,0.8960611553773556,0.8952762280705489,0.09530263846535618,0.8182658532076169,0.8167867793240557,0.09719383166677471,0.6237751894989831,0.6207132206759444,0.11052378146982438,0.5199667221297837,0.5160909542743539,0.15696135655480714
7wab_A,484,0.01660576463356328,0.9447962420904059,0.9447779993263115,0.059020365284434585,0.9590959391389408,0.9590612364913091,0.059165098277462115,0.9645754100878969,0.9645121922280949,0.060514723843243884,0.9288644155326138,0.9287151859222555,0.06289110423222112,0.6897241780471076,0.6890709146431647,0.08350944880982152
5znj_A,567,0.012840252699159225,0.9469277700810674,0.9469152823028859,0.04806455075053663,0.9606054643003203,0.9605840715065223,0.04835817284865426,0.9662710855908132,0.9662206896316305,0.05014123260971532,0.9318138011235536,0.9316930617446213,0.053857073153795676,0.5991426167676558,0.5984267378801367,0.075596553235871
6pnv_A,411,0.0166231552027279,0.9320267312627935,0.9319888643674717,0.06121841075762997,0.9469756415427435,0.9469174376161015,0.06125105541115573,0.950473916658833,0.9503731572701772,0.06272022329961945,0.9060027989905544,0.9057705357584056,0.06701563725815844,0.6465538518959986,0.645677179515033,0.09472713958653854
6rwt_A,184,0.033967391304347824,0.9434929370757659,0.9432863907508764,0.07418026141809285,0.9343386534580811,0.9340065186642887,0.07431688692747623,0.8935363541857764,0.8929340138982842,0.07635877767893834,0.7669846511343484,0.7656663181846135,0.08792518356394205,0.5143704519048493,0.5116229014205769,0.12436429452516275
6oz1_A,643,0.013147933602451572,0.8896109920656106,0.8895938389261737,0.04343111886686316,0.912886551590149,0.9128570655214103,0.04345670445528805,0.9173736496337632,0.9173169831505721,0.04471337138924949,0.9031138189812291,0.9029751199491531,0.04835187832799274,0.6642655993804119,0.6637356702751798,0.07020524656414141
6nl2_A,594,0.011614461109410605,0.9442334458973329,0.9442174034850156,0.04698855497558638,0.9613656757949751,0.9613419964825649,0.047042260347670624,0.9646781068205881,0.9646307477015788,0.04818512464051146,0.9330695274919203,0.9329561640470274,0.052262048883759564,0.6805596178219753,0.6800145916632199,0.07327580992549551
6p5h_A,105,0.07056689342403628,0.6197877716043545,0.6164768766801901,0.1700207264739599,0.5529256415383222,0.5483103934414096,0.172150571461776,0.5284473504440323,0.5235653717215539,0.17736749441718141,0.5253244852151849,0.5204101755077893,0.18732730492844774,0.5252268956767835,0.5203115756261093,0.19682453980617476
6q10_A,155,0.04994797086368366,0.9385496531580869,0.9382947360682252,0.08920583448103508,0.9263399050748449,0.9259160417585649,0.08973655696121638,0.8842013508579774,0.8834380973386267,0.09273808879912637,0.7489156626506024,0.747198941332157,0.10392801535635653,0.517064622124863,0.5137626819585355,0.15125754052695362
6jv8_A,76,0.09106648199445984,0.8762375520550425,0.8747826585398475,0.11733940197923792,0.8049849719355423,0.8023717593524804,0.11960579503277033,0.6851500995835597,0.6805811743714184,0.12522064299723917,0.5377142857142857,0.5309238500193274,0.14511231499323,0.535047619047619,0.5282180131426363,0.2064245604255586
6lrd_A,705,0.01208792314269906,0.8633402404672927,0.8633206869838621,0.04949324076006546,0.8866294317069309,0.8865782061668975,0.04964693107823273,0.8962406101332112,0.8961335502474915,0.0505827343223278,0.7897360344118194,0.7894364617619274,0.05383215938681193,0.5885987654195273,0.5880072280507106,0.07106062085249523
6tly_A,99,0.13712886440159167,0.8698291461849017,0.869036402249342,0.11930356759043817,0.8404449399483099,0.8388370423546303,0.1185421980549762,0.7404807302488218,0.7374596195262024,0.11979248455785847,0.5480666903157148,0.542713567839196,0.12014541290786374,0.5279649994087738,0.522373773630055,0.1571321432733323
7la6_A,221,0.03607624741508159,0.6593053470946353,0.6584934878720934,0.12312057092268011,0.6039075551975706,0.602395437341568,0.12364693993604657,0.5456671001400091,0.5435858593517188,0.12449768540897833,0.5116931115784108,0.5093900721328268,0.1269250332475882,0.51166125023896,0.5093687310597976,0.1321047714549631
